id,first_name,last_name,email,gender,ip_address
1,Corrinne,Paynter,cpaynter0@gov.uk,Bigender,27.176.238.183
2,Gabriell,Godain,ggodain1@hhs.gov,Female,103.37.250.105
3,Tobye,Paeckmeyer,tpaeckmeyer2@cornell.edu,Female,181.66.46.127
4,Caty,Saben,csaben3@geocities.jp,Agender,56.150.23.116
5,Clemens,McCart,cmccart4@reuters.com,Male,109.24.231.90
6,Alane,Pearce,apearce5@cargocollective.com,Female,179.207.33.139
7,Munmro,Wickie,mwickie6@dedecms.com,Male,167.241.222.107
8,Cairistiona,Lyndon,clyndon7@topsy.com,Female,2.105.141.190
9,Patton,Overel,poverel8@phoca.cz,Male,77.99.45.108
10,Olav,Heeron,oheeron9@tuttocitta.it,Male,98.171.108.134
11,Calla,Mordie,cmordiea@fastcompany.com,Female,200.193.177.182
12,Hamlen,Danne,hdanneb@baidu.com,Genderqueer,73.141.83.242
13,Merrielle,Gannan,mgannanc@apple.com,Bigender,250.85.192.219
14,Isidoro,Borrell,iborrelld@wix.com,Male,18.194.253.176
15,Edita,Bumpass,ebumpasse@tumblr.com,Female,26.6.40.26
16,Tyne,Henric,thenricf@si.edu,Female,231.46.188.209
17,Shaw,Ugo,sugog@dion.ne.jp,Male,150.176.146.27
18,Kimball,Phippin,kphippinh@mediafire.com,Male,231.184.140.186
19,Baxter,Meacher,bmeacheri@tuttocitta.it,Male,79.173.172.213
20,Hyatt,Georgeon,hgeorgeonj@kickstarter.com,Male,218.63.94.112
21,Reuven,Gores,rgoresk@alexa.com,Male,104.146.90.146
22,Kaycee,Rabier,krabierl@purevolume.com,Female,43.191.255.169
23,Clareta,Maskill,cmaskillm@ameblo.jp,Female,89.137.138.153
24,Elmira,Ramstead,eramsteadn@accuweather.com,Bigender,84.80.170.157
25,Bennie,Spolton,bspoltono@ibm.com,Female,142.57.157.234
26,Maritsa,Naismith,mnaismithp@apple.com,Genderfluid,236.253.249.8
27,Myrvyn,Parlet,mparletq@nps.gov,Male,57.216.227.190
28,Andrej,Louth,alouthr@blinklist.com,Male,65.216.124.30
29,Whitman,Heiden,wheidens@barnesandnoble.com,Male,224.63.224.44
30,Beryl,Butting,bbuttingt@yelp.com,Female,2.6.17.64
31,Galina,Schwieso,gschwiesou@newsvine.com,Female,201.47.247.89
32,Toni,Kellie,tkelliev@typepad.com,Female,26.102.124.141
33,Friedrick,Osmon,fosmonw@flavors.me,Male,135.243.119.56
34,Dur,Bicknell,dbicknellx@chron.com,Male,28.214.215.11
35,Ring,Stolworthy,rstolworthyy@mac.com,Male,20.10.72.108
36,Merola,Behrendsen,mbehrendsenz@pen.io,Female,80.160.62.156
37,Susi,Hallard,shallard10@prnewswire.com,Female,221.214.156.222
38,Terrance,Cherry Holme,tcherryholme11@yellowbook.com,Male,236.99.31.195
39,Tiebold,Pile,tpile12@hostgator.com,Male,241.177.54.82
40,Shea,Give,sgive13@trellian.com,Male,137.16.95.166
41,Carita,Garforth,cgarforth14@timesonline.co.uk,Female,229.113.152.218
42,Mortie,Casol,mcasol15@constantcontact.com,Male,146.96.214.222
43,Cristionna,Kilford,ckilford16@discuz.net,Female,143.216.148.204
44,Charmian,Mee,cmee17@1und1.de,Female,180.81.62.2
45,Binky,Scrafton,bscrafton18@abc.net.au,Male,237.206.252.22
46,Rosemaria,Kerrane,rkerrane19@house.gov,Female,23.231.0.200
47,Moritz,Veljes,mveljes1a@ox.ac.uk,Male,160.18.57.177
48,Aimee,Micallef,amicallef1b@psu.edu,Female,61.144.183.142
49,Raven,Hammerson,rhammerson1c@so-net.ne.jp,Female,148.103.146.165
50,Rowan,Akid,rakid1d@ebay.co.uk,Genderqueer,124.241.128.237
51,Curry,Wallbutton,cwallbutton1e@jugem.jp,Male,159.212.210.21
52,Marcie,Gadsdon,mgadsdon1f@fotki.com,Female,7.164.102.219
53,Dieter,Neller,dneller1g@privacy.gov.au,Male,236.246.234.62
54,Freemon,Wormleighton,fwormleighton1h@mit.edu,Male,170.158.163.155
55,Marthena,O' Liddy,moliddy1i@free.fr,Female,12.173.80.12
56,Ede,Sange,esange1j@acquirethisname.com,Female,219.187.93.24
57,Catha,Le Fleming,clefleming1k@reference.com,Female,7.11.103.65
58,Chalmers,Lashley,clashley1l@imgur.com,Male,14.142.18.228
59,Ava,Twentyman,atwentyman1m@homestead.com,Female,45.9.245.193
60,Krishna,Morratt,kmorratt1n@alibaba.com,Male,169.155.11.184
61,Rosaleen,de Clerc,rdeclerc1o@phpbb.com,Female,216.2.189.156
62,Patrice,Blakeden,pblakeden1p@g.co,Male,10.208.31.103
63,Fredelia,Topper,ftopper1q@bloglines.com,Genderfluid,179.124.45.61
64,Wernher,Pieters,wpieters1r@si.edu,Genderqueer,52.248.0.240
65,Lawry,Lordon,llordon1s@cisco.com,Male,201.110.231.58
66,Donovan,Tollmache,dtollmache1t@mysql.com,Male,233.225.32.80
67,Carolann,Grimston,cgrimston1u@prlog.org,Agender,66.93.53.180
68,Myrilla,Batty,mbatty1v@naver.com,Female,59.207.64.161
69,Martelle,Hamley,mhamley1w@blinklist.com,Female,78.146.87.83
70,Tybi,Djakovic,tdjakovic1x@bigcartel.com,Female,246.161.9.200
71,Halsey,Brumfield,hbrumfield1y@cmu.edu,Male,231.63.165.1
72,Rees,Boone,rboone1z@tinyurl.com,Male,201.104.225.211
73,Kev,Milborn,kmilborn20@earthlink.net,Male,99.188.72.84
74,Carolus,Jakubski,cjakubski21@time.com,Male,44.142.249.136
75,El,Meadowcraft,emeadowcraft22@indiegogo.com,Male,234.231.123.66
76,Reagen,Gallager,rgallager23@homestead.com,Male,2.91.247.149
77,Collin,Stevings,cstevings24@globo.com,Genderqueer,243.186.209.50
78,Derby,Farge,dfarge25@nature.com,Male,78.199.234.76
79,Devlin,Manston,dmanston26@shutterfly.com,Male,207.123.60.80
80,Gherardo,Southcott,gsouthcott27@typepad.com,Male,217.107.162.102
81,Jeremy,Newarte,jnewarte28@usa.gov,Male,248.112.178.84
82,Tammie,Klima,tklima29@cnbc.com,Female,97.171.160.226
83,Marilyn,Dadley,mdadley2a@go.com,Female,176.201.30.151
84,Ralph,Bram,rbram2b@creativecommons.org,Male,72.235.0.30
85,Arnoldo,Paulou,apaulou2c@desdev.cn,Male,50.99.110.213
86,Sigismund,Goosey,sgoosey2d@a8.net,Male,205.137.67.237
87,Dagmar,Glencros,dglencros2e@g.co,Female,78.144.15.213
88,Curtice,Pohl,cpohl2f@nps.gov,Male,188.226.131.84
89,Beatrisa,Jaycocks,bjaycocks2g@opensource.org,Female,180.18.248.238
90,Clemmie,Iacavone,ciacavone2h@bloglines.com,Female,233.126.195.46
91,Judi,Riteley,jriteley2i@deliciousdays.com,Female,32.107.118.12
92,Donica,Whistance,dwhistance2j@shinystat.com,Female,150.35.205.150
93,Nessie,Smeaton,nsmeaton2k@etsy.com,Female,81.147.116.66
94,Melisenda,Ricarde,mricarde2l@nasa.gov,Polygender,74.8.115.17
95,Dee dee,Jorioz,djorioz2m@imdb.com,Genderqueer,14.14.37.164
96,Ariela,Webley,awebley2n@ox.ac.uk,Bigender,111.66.195.233
97,Krysta,Shingler,kshingler2o@shareasale.com,Female,74.147.231.191
98,Arabella,Essery,aessery2p@auda.org.au,Bigender,247.49.157.85
99,Herbie,Rolfo,hrolfo2q@bing.com,Male,174.133.46.156
100,Dorothea,Iwanowicz,diwanowicz2r@topsy.com,Female,82.176.37.94
101,Cassi,Male,cmale2s@hexun.com,Female,144.147.51.240
102,Donelle,Wynes,dwynes2t@gravatar.com,Female,106.119.147.33
103,Letty,Spoors,lspoors2u@msn.com,Female,121.39.55.232
104,Davin,Bowlands,dbowlands2v@alibaba.com,Genderfluid,169.141.199.166
105,Jannelle,Belliveau,jbelliveau2w@discuz.net,Female,218.226.46.229
106,Valentine,Brister,vbrister2x@imdb.com,Female,188.130.124.18
107,Glynn,Kendrick,gkendrick2y@toplist.cz,Male,189.244.41.241
108,Wenona,Cristoferi,wcristoferi2z@mozilla.com,Genderfluid,231.104.208.242
109,Didi,Abramchik,dabramchik30@tamu.edu,Female,228.136.19.57
110,Hedvige,Bowmen,hbowmen31@phpbb.com,Female,92.119.220.80
111,Gian,Keaveney,gkeaveney32@artisteer.com,Male,29.77.190.136
112,Kipp,Regina,kregina33@dell.com,Male,219.73.210.95
113,Diarmid,Martinon,dmartinon34@mail.ru,Male,238.164.235.111
114,Mitchel,Dyton,mdyton35@techcrunch.com,Male,67.69.220.79
115,Guido,Baptist,gbaptist36@nifty.com,Male,124.123.90.250
116,Wald,Westbrook,wwestbrook37@earthlink.net,Male,41.206.43.209
117,Lynnett,Stronack,lstronack38@army.mil,Female,110.39.97.73
118,Cletus,Raynham,craynham39@ucoz.ru,Male,176.100.50.250
119,Tobe,Bhatia,tbhatia3a@twitpic.com,Male,224.114.26.152
120,Levey,Grunnill,lgrunnill3b@dropbox.com,Male,231.244.157.236
121,Weston,Bordis,wbordis3c@huffingtonpost.com,Male,169.211.154.19
122,Gilligan,Worledge,gworledge3d@ezinearticles.com,Female,92.243.212.42
123,Jermaine,Abyss,jabyss3e@ft.com,Male,248.139.248.115
124,Burton,Ruzek,bruzek3f@trellian.com,Male,161.56.13.68
125,Terri,Hadlington,thadlington3g@hostgator.com,Male,122.17.128.244
126,Gaspar,Dodshon,gdodshon3h@pbs.org,Male,137.193.7.203
127,Udell,Brimmacombe,ubrimmacombe3i@google.co.uk,Male,130.59.195.118
128,Zitella,Blunsum,zblunsum3j@ask.com,Female,28.148.18.109
129,Daryn,Meineck,dmeineck3k@sina.com.cn,Female,7.119.76.96
130,Bail,Itzhaki,bitzhaki3l@tuttocitta.it,Male,174.4.224.100
131,Brittney,Shailer,bshailer3m@weibo.com,Female,57.188.228.246
132,Clayborne,Fitter,cfitter3n@domainmarket.com,Male,167.168.49.107
133,Celesta,Fawdrie,cfawdrie3o@multiply.com,Female,63.134.35.31
134,Hally,Edinburough,hedinburough3p@unblog.fr,Female,88.97.113.142
135,Jillene,De Freyne,jdefreyne3q@youtube.com,Bigender,91.69.236.219
136,Sarita,Suermeier,ssuermeier3r@nyu.edu,Female,77.236.161.220
137,Emmit,Scudders,escudders3s@blog.com,Male,30.124.198.115
138,Myrilla,Kinkead,mkinkead3t@newsvine.com,Female,36.163.118.67
139,Pearce,MacGowan,pmacgowan3u@seattletimes.com,Male,85.120.59.96
140,Mile,Stonhard,mstonhard3v@cmu.edu,Bigender,107.234.153.202
141,Casey,Hedau,chedau3w@vkontakte.ru,Male,160.244.238.230
142,Jareb,Gocke,jgocke3x@nba.com,Male,232.174.188.78
143,Alec,Andress,aandress3y@ovh.net,Male,183.7.174.20
144,Trula,Sancias,tsancias3z@google.co.jp,Female,232.59.35.208
145,Mada,Ridgley,mridgley40@statcounter.com,Female,166.140.72.224
146,Rube,Mossom,rmossom41@buzzfeed.com,Non-binary,94.189.174.164
147,Niel,Buske,nbuske42@dell.com,Male,125.241.223.95
148,Hendrick,Tugman,htugman43@privacy.gov.au,Agender,43.196.104.185
149,Casi,Baldacco,cbaldacco44@apache.org,Female,31.245.189.96
150,Jamil,Heaven,jheaven45@w3.org,Male,237.164.129.25
151,Berti,Risdale,brisdale46@gnu.org,Female,60.158.123.165
152,Quincy,Bradlaugh,qbradlaugh47@feedburner.com,Male,177.9.171.45
153,Bastien,Poskitt,bposkitt48@smh.com.au,Male,173.226.170.44
154,Marnia,Kluger,mkluger49@miitbeian.gov.cn,Female,206.140.41.18
155,Shane,Giacomini,sgiacomini4a@bravesites.com,Male,150.76.205.124
156,Ema,Boddie,eboddie4b@un.org,Female,47.133.152.118
157,Daisey,Mandrier,dmandrier4c@mtv.com,Female,164.232.192.118
158,Hedvige,Scatcher,hscatcher4d@mashable.com,Female,136.178.190.111
159,Lloyd,MacLice,lmaclice4e@unc.edu,Male,18.19.66.94
160,Winthrop,Albro,walbro4f@kickstarter.com,Bigender,147.95.88.37
161,Benedikt,Gamon,bgamon4g@hao123.com,Male,176.129.81.140
162,Cullie,Rabjohns,crabjohns4h@nydailynews.com,Male,4.251.33.42
163,Mata,Bramley,mbramley4i@msn.com,Male,240.236.57.196
164,Nanice,Seldon,nseldon4j@msn.com,Female,122.79.7.147
165,Ryun,Eddicott,reddicott4k@uiuc.edu,Male,158.169.77.124
166,Benita,Latty,blatty4l@canalblog.com,Female,73.119.1.237
167,Thayne,Dufour,tdufour4m@vk.com,Male,135.239.74.125
168,Wilton,Cawthorn,wcawthorn4n@un.org,Male,151.211.37.112
169,Clarine,Cornill,ccornill4o@istockphoto.com,Female,61.93.176.78
170,Rozelle,Vedntyev,rvedntyev4p@cmu.edu,Female,77.205.129.200
171,Guinevere,Bellini,gbellini4q@alexa.com,Female,167.170.89.48
172,Yves,Prosser,yprosser4r@phpbb.com,Male,162.43.139.242
173,Ricki,Dykes,rdykes4s@oaic.gov.au,Female,107.134.39.195
174,Abram,Lilloe,alilloe4t@blogtalkradio.com,Male,22.80.217.138
175,Yehudi,Barroux,ybarroux4u@icio.us,Male,8.178.135.137
176,Garik,Flacknell,gflacknell4v@buzzfeed.com,Male,107.131.58.169
177,Brigham,Nann,bnann4w@jigsy.com,Male,70.9.151.134
178,Hewe,Brownjohn,hbrownjohn4x@nationalgeographic.com,Male,239.105.142.63
179,Raymond,O'Keenan,rokeenan4y@sciencedirect.com,Male,183.33.21.107
180,Gretel,Blewmen,gblewmen4z@businessweek.com,Female,123.189.20.127
181,Gannie,Souttar,gsouttar50@g.co,Male,220.140.94.251
182,Iosep,Myles,imyles51@phpbb.com,Male,89.190.141.221
183,Parker,Bucklee,pbucklee52@squarespace.com,Male,201.161.216.128
184,Joeann,Mcsarry,jmcsarry53@webs.com,Female,177.161.233.151
185,Olenolin,Hickenbottom,ohickenbottom54@google.cn,Male,143.168.51.103
186,Aloysia,Newlove,anewlove55@pbs.org,Female,169.43.134.171
187,Kristine,Preddy,kpreddy56@exblog.jp,Female,99.110.103.32
188,Kean,Belchamp,kbelchamp57@digg.com,Male,247.68.68.30
189,Phillie,Gotter,pgotter58@nationalgeographic.com,Female,27.65.250.90
190,Bartholemy,Deverill,bdeverill59@xing.com,Male,184.74.115.49
191,Victoir,Grelka,vgrelka5a@slate.com,Male,152.32.164.13
192,Terri,Archdeacon,tarchdeacon5b@gov.uk,Male,123.236.21.31
193,Cirstoforo,MacDonnell,cmacdonnell5c@businessinsider.com,Male,231.254.184.85
194,Freda,Gert,fgert5d@discovery.com,Female,80.181.221.135
195,Rudolph,Queste,rqueste5e@example.com,Male,176.115.181.110
196,Vinny,Regorz,vregorz5f@dailymail.co.uk,Female,189.12.200.221
197,Roshelle,Kohring,rkohring5g@ucla.edu,Female,128.20.219.183
198,Dehlia,Campagne,dcampagne5h@blog.com,Polygender,113.118.59.39
199,Derby,Affleck,daffleck5i@cargocollective.com,Male,189.122.228.81
200,Jeffie,Greenier,jgreenier5j@state.gov,Male,176.124.179.211
201,Belle,Blaydes,bblaydes5k@salon.com,Female,234.220.251.32
202,Corney,Bavidge,cbavidge5l@imdb.com,Genderfluid,26.53.16.138
203,Mack,Reburn,mreburn5m@uiuc.edu,Male,36.32.110.201
204,Mira,Tharme,mtharme5n@dagondesign.com,Female,203.33.109.41
205,Bondy,Hellyer,bhellyer5o@msu.edu,Male,175.228.25.154
206,Gabie,Tumber,gtumber5p@ifeng.com,Male,68.14.208.96
207,Kristina,Brosoli,kbrosoli5q@sourceforge.net,Female,103.160.119.84
208,Lanie,Boyton,lboyton5r@wiley.com,Male,43.216.69.167
209,Grove,Crowcum,gcrowcum5s@un.org,Male,93.147.221.3
210,Nike,Gandley,ngandley5t@hugedomains.com,Female,161.233.18.225
211,Gardner,Normabell,gnormabell5u@squidoo.com,Male,135.118.182.130
212,Jarrid,Jaggar,jjaggar5v@typepad.com,Male,149.144.162.176
213,Richardo,Empleton,rempleton5w@exblog.jp,Male,191.157.137.127
214,Alister,Dumphry,adumphry5x@drupal.org,Male,29.171.51.165
215,Meade,Scardifield,mscardifield5y@yandex.ru,Female,219.76.23.132
216,Carrissa,Akhurst,cakhurst5z@tinyurl.com,Agender,115.52.212.184
217,Farlay,Le Provest,fleprovest60@elpais.com,Genderfluid,91.244.203.51
218,Candida,Izkovici,cizkovici61@amazonaws.com,Female,83.45.207.18
219,Lane,Gellately,lgellately62@hc360.com,Female,114.62.66.171
220,Lorianna,Muffett,lmuffett63@mtv.com,Female,200.117.68.106
221,Appolonia,Burnett,aburnett64@rambler.ru,Female,58.121.216.82
222,Bobbe,Cleever,bcleever65@phpbb.com,Non-binary,216.163.72.55
223,Gnni,Japp,gjapp66@hp.com,Bigender,23.1.19.18
224,Dulcie,Creus,dcreus67@goodreads.com,Female,7.73.109.163
225,Hashim,Pauletto,hpauletto68@last.fm,Male,218.226.35.238
226,Tally,Ropkes,tropkes69@soup.io,Genderfluid,26.97.221.162
227,Morgan,Kyd,mkyd6a@prlog.org,Female,234.136.222.4
228,Adelheid,McTrustrie,amctrustrie6b@cam.ac.uk,Female,27.106.182.73
229,Clayson,Romi,cromi6c@apple.com,Male,62.253.74.41
230,Normand,Vasnetsov,nvasnetsov6d@1und1.de,Male,84.177.64.39
231,Filberte,O'Shee,foshee6e@earthlink.net,Non-binary,76.1.24.65
232,Tammi,Silley,tsilley6f@cyberchimps.com,Female,172.148.189.93
233,Lila,Papaccio,lpapaccio6g@amazon.de,Female,10.28.103.151
234,Yalonda,Eason,yeason6h@godaddy.com,Female,187.240.31.146
235,Gabriel,Gogin,ggogin6i@va.gov,Male,203.100.156.132
236,Marita,Trundle,mtrundle6j@adobe.com,Female,241.250.50.190
237,Caspar,Rzehorz,crzehorz6k@theglobeandmail.com,Male,150.238.176.198
238,Ettore,Clue,eclue6l@friendfeed.com,Male,160.58.12.135
239,Orin,Smetoun,osmetoun6m@hud.gov,Male,5.193.248.31
240,Niel,Sissland,nsissland6n@eepurl.com,Male,171.64.18.227
241,Horten,Brabbs,hbrabbs6o@seattletimes.com,Male,20.139.75.158
242,Myrwyn,Brendeke,mbrendeke6p@issuu.com,Male,117.109.98.6
243,Clem,Nisius,cnisius6q@cbsnews.com,Male,107.208.25.93
244,Winifred,Humpherson,whumpherson6r@barnesandnoble.com,Female,159.179.103.183
245,Barret,Jehu,bjehu6s@sogou.com,Male,78.122.20.220
246,Kimberli,Gillie,kgillie6t@instagram.com,Female,24.48.161.203
247,Emelda,Petrus,epetrus6u@earthlink.net,Female,105.184.56.234
248,Carleen,Basford,cbasford6v@artisteer.com,Female,78.185.9.151
249,Lilias,Schoolfield,lschoolfield6w@posterous.com,Female,22.22.4.91
250,Tammy,Hampshire,thampshire6x@reverbnation.com,Bigender,102.133.207.5
